"","level","new_taxa","term","df","sumsq","meansq","statistic","p.value"
"1","phylum","Actinobacteria","treatment",5,2629.83893478248,525.967786956497,2.77423170118418,0.0297222859612062
"2","phylum","Bacteroidetes","treatment",5,385777.759794807,77155.5519589615,1.40627399563534,0.241725136892225
"3","phylum","Chloroflexi","treatment",5,21.5059572200167,4.30119144400333,0.300853153004525,0.909596700477908
"4","phylum","Cyanobacteria","treatment",5,832.6823110624,166.53646221248,0.347579501111116,0.880907811064463
"5","phylum","Deinococcus-Thermus","treatment",5,0.700261372510415,0.140052274502083,0.538655418626574,0.745821318875404
"6","phylum","Elusimicrobia","treatment",5,21.4690722936354,4.29381445872708,0.565188529391356,0.726056737355725
"7","phylum","Epsilonbacteraeota","treatment",5,143.878187530994,28.7756375061988,2.65294261386411,0.0358399039321598
"8","phylum","Euryarchaeota","treatment",5,5425.47463832594,1085.09492766519,1.50287523769175,0.209499513268264
"9","phylum","Fibrobacteres","treatment",5,723.981208006267,144.796241601253,0.778557048780219,0.570768570294313
"10","phylum","Firmicutes","treatment",5,1495817.6652865,299163.533057299,3.3639922784139,0.0120641495401721
"11","phylum","Fusobacteria","treatment",5,1429.16624019306,285.833248038612,0.450813484599836,0.810270231144025
"12","phylum","Kiritimatiellaeota","treatment",5,1520.75167541789,304.150335083577,0.326327784298807,0.894276321508686
"13","phylum","Lentisphaerae","treatment",5,724.469090128441,144.893818025688,1.07103383942072,0.390084844552779
"14","phylum","Patescibacteria","treatment",5,616.852226447716,123.370445289543,3.06907573605228,0.0188986860989729
"15","phylum","Planctomycetes","treatment",5,50.9496172414105,10.1899234482821,2.2091059011719,0.0712316934166631
"16","phylum","Proteobacteria","treatment",5,59155.3718184017,11831.0743636803,1.59032917702903,0.183790837989652
"17","phylum","Spirochaetes","treatment",5,3976.7939310878,795.358786217561,0.454117560066103,0.807894530305534
"18","phylum","Synergistetes","treatment",5,995.057779645585,199.011555929117,2.82618635986291,0.02743621448076
"19","phylum","Tenericutes","treatment",5,1032.09048963409,206.418097926817,0.89808603519958,0.491300695449518
"20","phylum","Verrucomicrobia","treatment",5,9.50098315376668,1.90019663075334,0.647787639285648,0.66467154492396
"21","phylum","WPS-2","treatment",5,0.345295147141666,0.0690590294283332,0.842259676646445,0.527524901899687
"22","class","Actinobacteria","treatment",5,160.1679928297,32.03359856594,0.670011160511816,0.648336665000766
"23","class","Alphaproteobacteria","treatment",5,223.80359866551,44.7607197331021,0.34440183189798,0.882938139939167
"24","class","Anaerolineae","treatment",5,13.4541046233187,2.69082092466375,0.243835720669295,0.940580971321007
"25","class","Bacilli","treatment",5,40186.7084724886,8037.34169449771,0.988828647150728,0.436060312664726
"26","class","Bacteroidia","treatment",5,385777.759794807,77155.5519589615,1.40627399563534,0.241725136892225
"27","class","Campylobacteria","treatment",5,143.878187530994,28.7756375061988,2.65294261386411,0.0358399039321598
"28","class","Chloroflexia","treatment",5,3.24981513096041,0.649963026192082,0.852052876247375,0.521052734502806
"29","class","Clostridia","treatment",5,876747.205214634,175349.441042927,2.63886526568015,0.036627920864632
"30","class","Coriobacteriia","treatment",5,2786.83284721793,557.366569443587,2.91936909799669,0.0237733575819374
"31","class","Deinococci","treatment",5,0.700261372510415,0.140052274502083,0.538655418626574,0.745821318875404
"32","class","Deltaproteobacteria","treatment",5,537.881775535317,107.576355107063,1.68273468161904,0.159857351943285
"33","class","Elusimicrobia","treatment",5,21.4690722936354,4.29381445872708,0.565188529391356,0.726056737355725
"34","class","Erysipelotrichia","treatment",5,4208.20628218897,841.641256437794,1.64890226589935,0.168256429812529
"35","class","Fibrobacteria","treatment",5,723.981208006267,144.796241601253,0.778557048780219,0.570768570294313
"36","class","Fusobacteriia","treatment",5,1429.16624019306,285.833248038612,0.450813484599836,0.810270231144025
"37","class","Gammaproteobacteria","treatment",5,46493.9066158546,9298.78132317093,1.33423019128783,0.268609248319832
"38","class","Gracilibacteria","treatment",5,3.9006208334,0.780124166680001,0.882133991631282,0.501483376219005
"39","class","Kiritimatiellae","treatment",5,1520.75167541789,304.150335083577,0.326327784298807,0.894276321508686
"40","class","Lentisphaeria","treatment",5,606.279955916367,121.255991183273,1.81827121282345,0.130049074343872
"41","class","Melainabacteria","treatment",5,808.233307001236,161.646661400247,0.342370745505972,0.884230264970484
"42","class","Methanobacteria","treatment",5,3942.50105350083,788.500210700166,1.94987851350545,0.106277910445841
"43","class","Methanomicrobia","treatment",5,0.758382982191668,0.151676596438334,1.05637858888747,0.397994568982675
"44","class","Mollicutes","treatment",5,1032.09048963409,206.418097926817,0.89808603519958,0.491300695449518
"45","class","Negativicutes","treatment",5,8927.18483030483,1785.43696606097,1.19472176888829,0.328237728128369
"46","class","Oligosphaeria","treatment",5,14.037638224975,2.807527644995,0.171497314497571,0.971743848479982
"47","class","Oxyphotobacteria","treatment",5,46.0003809541104,9.20007619082208,1.10163346611354,0.373969984885969
"48","class","Planctomycetacia","treatment",5,50.9496172414105,10.1899234482821,2.2091059011719,0.0712316934166631
"49","class","Saccharimonadia","treatment",5,578.039853832066,115.607970766413,2.99535866824394,0.0211568648869583
"50","class","Spirochaetia","treatment",5,3976.7939310878,795.358786217561,0.454117560066103,0.807894530305534
"51","class","Synergistia","treatment",5,995.057779645585,199.011555929117,2.82618635986291,0.02743621448076
"52","class","Thermoplasmata","treatment",5,247.967254745435,49.5934509490869,0.315066409092586,0.90114908775231
"53","class","uncultured rumen bacterium","treatment",5,0.345295147141666,0.0690590294283332,0.842259676646445,0.527524901899687
"54","class","Verrucomicrobiae","treatment",5,9.50098315376668,1.90019663075334,0.647787639285648,0.66467154492396
"55","order","Absconditabacteriales (SR1)","treatment",5,3.9006208334,0.780124166680001,0.882133991631282,0.501483376219005
"56","order","Aeromonadales","treatment",5,3652.98276038355,730.596552076709,0.721699113763449,0.610874587239904
"57","order","Alteromonadales","treatment",5,12.2040660717167,2.44081321434333,1.05967082304108,0.396206852702116
"58","order","Anaerolineales","treatment",5,12.3194124352354,2.46388248704708,0.244097226129202,0.940450626636629
"59","order","Anaeroplasmatales","treatment",5,4.925358683525,0.985071736704999,1.3074709680277,0.279252925977454
"60","order","Bacillales","treatment",5,30430.577696807,6086.11553936141,2.82735753822058,0.027386789822022
"61","order","Bacteroidales","treatment",5,381654.633874433,76330.9267748865,1.40098712177281,0.243612521358379
"62","order","Betaproteobacteriales","treatment",5,597.257888471091,119.451577694218,1.34327765688504,0.265092635553332
"63","order","Bifidobacteriales","treatment",5,38.9418289851854,7.78836579703709,0.238481393938142,0.943223898660705
"64","order","Bradymonadales","treatment",5,17.1878020747604,3.43756041495207,0.25163984166861,0.936641267300209
"65","order","Campylobacterales","treatment",5,143.878187530994,28.7756375061988,2.65294261386411,0.0358399039321598
"66","order","Chloroplast","treatment",5,46.0003809541104,9.20007619082208,1.10163346611354,0.373969984885969
"67","order","Clostridiales","treatment",5,876747.205214634,175349.441042927,2.63886526568015,0.036627920864632
"68","order","Coriobacteriales","treatment",5,2786.83284721793,557.366569443587,2.91936909799669,0.0237733575819374
"69","order","Corynebacteriales","treatment",5,3.55993447982498,0.711986895964996,0.0809158813728729,0.994853654390172
"70","order","Deinococcales","treatment",5,0.700261372510415,0.140052274502083,0.538655418626574,0.745821318875404
"71","order","Desulfobacterales","treatment",5,10.4473990338854,2.08947980677708,0.747978032439542,0.59217759632187
"72","order","Desulfovibrionales","treatment",5,352.149204470442,70.4298408940884,1.51717582979189,0.205079196956157
"73","order","Elusimicrobiales","treatment",5,21.4690722936354,4.29381445872708,0.565188529391356,0.726056737355725
"74","order","Enterobacteriales","treatment",5,8319.78099898846,1663.95619979769,0.747746381770154,0.592341251440514
"75","order","Erysipelotrichales","treatment",5,4208.20628218897,841.641256437794,1.64890226589935,0.168256429812529
"76","order","Fibrobacterales","treatment",5,723.981208006267,144.796241601253,0.778557048780219,0.570768570294313
"77","order","Flavobacteriales","treatment",5,28.7736111633605,5.75472223267209,0.667273035259174,0.650342868157099
"78","order","Fusobacteriales","treatment",5,1429.16624019306,285.833248038612,0.450813484599836,0.810270231144025
"79","order","Gastranaerophilales","treatment",5,808.233307001236,161.646661400247,0.342370745505972,0.884230264970484
"80","order","Izimaplasmatales","treatment",5,32.4013449903604,6.48026899807207,0.711366808290817,0.618294919296186
"81","order","Lactobacillales","treatment",5,10733.3923285423,2146.67846570847,0.712690617021505,0.617342141462627
"82","order","Methanobacteriales","treatment",5,3942.50105350083,788.500210700166,1.94987851350545,0.106277910445841
"83","order","Methanomassiliicoccales","treatment",5,247.967254745435,49.5934509490869,0.315066409092586,0.90114908775231
"84","order","Methanomicrobiales","treatment",5,0.758382982191668,0.151676596438334,1.05637858888747,0.397994568982675
"85","order","Methylococcales","treatment",5,1.93698985104167,0.387397970208334,1.82993875133256,0.127749016097523
"86","order","Micrococcales","treatment",5,72.8524004740251,14.570480094805,1.38498206092715,0.249407513889207
"87","order","Mollicutes RF39","treatment",5,657.611393975465,131.522278795093,0.601407328252603,0.699060378356189
"88","order","Oceanospirillales","treatment",5,2.01231824654166,0.402463649308332,0.989008914546401,0.435955221421268
"89","order","Oligosphaerales","treatment",5,14.037638224975,2.807527644995,0.171497314497571,0.971743848479982
"90","order","Opitutales","treatment",5,9.50098315376668,1.90019663075334,0.647787639285648,0.66467154492396
"91","order","Other","treatment",5,0.345295147141666,0.0690590294283332,0.842259676646445,0.527524901899687
"92","order","Pasteurellales","treatment",5,835.766254206887,167.153250841377,0.630661599771165,0.677330896461814
"93","order","Pirellulales","treatment",5,41.1238643413937,8.22477286827875,2.61832973910247,0.0378089434885025
"94","order","Planctomycetales","treatment",5,2.38935579754167,0.477871159508335,0.637380377292992,0.672357972730282
"95","order","Propionibacteriales","treatment",5,57.5079954078356,11.5015990815671,1.12038939234515,0.364359057948915
"96","order","Pseudomonadales","treatment",5,2004.93560902812,400.987121805624,1.37307397358847,0.253799192583289
"97","order","Rhizobiales","treatment",5,2.07158556104166,0.414317112208333,0.768438086149817,0.57780940701529
"98","order","Rhodospirillales","treatment",5,266.909173358518,53.3818346717036,0.381371569779076,0.858702952953847
"99","order","Rickettsiales","treatment",5,28.5851170835938,5.71702341671877,1.77803921149325,0.138290176772508
"100","order","Saccharimonadales","treatment",5,578.039853832066,115.607970766413,2.99535866824394,0.0211568648869583
"101","order","SBR1031","treatment",5,0.813104554166667,0.162620910833333,0.822198562362019,0.54093338876738
"102","order","Selenomonadales","treatment",5,8927.18483030483,1785.43696606097,1.19472176888829,0.328237728128369
"103","order","Sphingomonadales","treatment",5,0.908427215910418,0.181685443182084,0.917402672195989,0.479155580508229
"104","order","Spirochaetales","treatment",5,3976.7939310878,795.358786217561,0.454117560066103,0.807894530305534
"105","order","Synergistales","treatment",5,995.057779645585,199.011555929117,2.82618635986291,0.02743621448076
"106","order","Thermomicrobiales","treatment",5,3.24981513096041,0.649963026192082,0.852052876247375,0.521052734502806
"107","order","Vibrionales","treatment",5,18.6986430897417,3.73972861794834,0.967886646899231,0.448395814593133
"108","order","Victivallales","treatment",5,606.279955916367,121.255991183273,1.81827121282345,0.130049074343872
"109","order","WCHB1-41","treatment",5,1520.75167541789,304.150335083577,0.326327784298807,0.894276321508686
"110","family","Acidaminococcaceae","treatment",5,2103.30740390679,420.661480781358,1.46205356836196,0.222604938831106
"111","family","Aerococcaceae","treatment",5,17.8409160081416,3.56818320162831,0.226230841917947,0.949081030340479
"112","family","Anaerolineaceae","treatment",5,12.3194124352354,2.46388248704708,0.244097226129202,0.940450626636629
"113","family","Anaeroplasmataceae","treatment",5,4.925358683525,0.985071736704999,1.3074709680277,0.279252925977454
"114","family","Arachis duranensis","treatment",5,3.45374573694166,0.690749147388333,0.979570828480524,0.441482473821587
"115","family","Atopobiaceae","treatment",5,1289.40387812997,257.880775625993,2.35734276389747,0.0566246703868256
"116","family","Bacillaceae","treatment",5,484.856132414669,96.9712264829338,0.816921547834493,0.544493337024108
"117","family","Bacteroidaceae","treatment",5,5273.56116864415,1054.71223372883,0.459846045365229,0.803763639453483
"118","family","Bacteroidales RF16 group","treatment",5,127.90803945926,25.5816078918521,0.314175685357214,0.901686069118913
"119","family","Bacteroidales UCG-001","treatment",5,25.7710276784106,5.15420553568211,1.0894172654798,0.380338652375137
"120","family","Bifidobacteriaceae","treatment",5,38.9418289851854,7.78836579703709,0.238481393938142,0.943223898660705
"121","family","Brevibacteriaceae","treatment",5,8.20794357604166,1.64158871520833,2.03604626866732,0.0930686863292855
"122","family","Burkholderiaceae","treatment",5,240.8571658482,48.1714331696399,0.497899992093472,0.775996058595606
"123","family","Campylobacteraceae","treatment",5,143.878187530994,28.7756375061988,2.65294261386411,0.0358399039321598
"124","family","Carnobacteriaceae","treatment",5,20.6129984605354,4.12259969210708,2.5397062094568,0.0426969848904466
"125","family","Cenchrus americanus","treatment",5,1.23112852826042,0.246225705652083,0.919426068599188,0.477895274294794
"126","family","Christensenellaceae","treatment",5,16171.7691686593,3234.35383373187,2.15533893343907,0.0774090024788302
"127","family","Clostridiaceae 1","treatment",5,6754.96375840474,1350.99275168095,0.841033176637395,0.528338906646525
"128","family","Clostridiaceae 2","treatment",5,2.51020780408542,0.502041560817084,0.167470441742882,0.973168131027787
"129","family","Clostridiaceae 4","treatment",5,0.411981071660416,0.0823962143320833,0.376915114308518,0.861691368380846
"130","family","Clostridiales vadinBB60 group","treatment",5,1128.60175637064,225.720351274128,0.785723485509726,0.56580926314436
"131","family","Coriobacteriales Incertae Sedis","treatment",5,6.54333513419999,1.30866702684,0.37885395434903,0.860393314054347
"132","family","Corynebacteriaceae","treatment",5,3.55993447982498,0.711986895964996,0.0809158813728729,0.994853654390172
"133","family","Defluviitaleaceae","treatment",5,29.1737641559604,5.83475283119208,0.970422659299714,0.446888666382843
"134","family","Desulfobulbaceae","treatment",5,10.4473990338854,2.08947980677708,0.747978032439542,0.59217759632187
"135","family","Desulfovibrionaceae","treatment",5,352.149204470442,70.4298408940884,1.51717582979189,0.205079196956157
"136","family","Dysgonomonadaceae","treatment",5,43.3523655570749,8.67047311141499,0.881138309148977,0.502123483611634
"137","family","Eggerthellaceae","treatment",5,148.832672622575,29.766534524515,2.68019735311778,0.0343625917445145
"138","family","Elusimicrobiaceae","treatment",5,21.4690722936354,4.29381445872708,0.565188529391356,0.726056737355725
"139","family","Enterobacteriaceae","treatment",5,8319.78099898846,1663.95619979769,0.747746381770154,0.592341251440514
"140","family","Enterococcaceae","treatment",5,30.8940786022667,6.17881572045334,0.550920858947625,0.736690916709374
"141","family","Erysipelotrichaceae","treatment",5,4208.20628218897,841.641256437794,1.64890226589935,0.168256429812529
"142","family","Eubacteriaceae","treatment",5,14.4983949568353,2.89967899136707,0.830436354954548,0.53540323911635
"143","family","F082","treatment",5,2443.87719807909,488.775439615817,0.50448876003417,0.771141508000189
"144","family","Family XI","treatment",5,1.83783662199375,0.367567324398751,0.923000070303865,0.475674690900173
"145","family","Family XII","treatment",5,4.33355150039581,0.866710300079162,0.307901849107972,0.907023657130077
"146","family","Family XIII","treatment",5,2532.09750154347,506.419500308693,3.26680572028719,0.0139802194233665
"147","family","Fibrobacteraceae","treatment",5,723.981208006267,144.796241601253,0.778557048780219,0.570768570294313
"148","family","Flavobacteriaceae","treatment",5,28.7736111633605,5.75472223267209,0.667273035259174,0.650342868157099
"149","family","Fusobacteriaceae","treatment",5,1429.16624019306,285.833248038612,0.450813484599836,0.810270231144025
"150","family","gut metagenome","treatment",5,12.4070650814563,2.48141301629125,0.305875636424155,0.908712334573351
"151","family","Halomonadaceae","treatment",5,0.956546005874996,0.191309201174999,1.57674564857936,0.187580936576688
"152","family","Hydrogenophilaceae","treatment",5,2.68108187156666,0.536216374313333,0.410725940029549,0.838621917394592
"153","family","Intrasporangiaceae","treatment",5,1.71866371841043,0.343732743682085,0.187306262709135,0.965818530186634
"154","family","JG30-KF-CM45","treatment",5,3.24981513096041,0.649963026192082,0.852052876247375,0.521052734502806
"155","family","Lachnospiraceae","treatment",5,127592.427676784,25518.4855353568,2.07414526978659,0.0877551366651946
"156","family","Lactobacillaceae","treatment",5,78.4211545436189,15.6842309087238,0.662695708308724,0.653700836873549
"157","family","Lavandula angustifolia","treatment",5,2.53609680268542,0.507219360537084,0.971314086786604,0.44635976469576
"158","family","Marinifilaceae","treatment",5,94.3294434696857,18.8658886939371,0.530647748994927,0.75177324058853
"159","family","Medicago truncatula (barrel medic)","treatment",5,6.53690417449374,1.30738083489875,0.925651060722241,0.474032171404878
"160","family","metagenome","treatment",5,10.5618346384937,2.11236692769875,0.506982634550047,0.76930118675961
"161","family","Methanobacteriaceae","treatment",5,3942.50105350083,788.500210700166,1.94987851350545,0.106277910445841
"162","family","Methanomethylophilaceae","treatment",5,247.967254745435,49.5934509490869,0.315066409092586,0.90114908775231
"163","family","Methanomicrobiaceae","treatment",5,0.758382982191668,0.151676596438334,1.05637858888747,0.397994568982675
"164","family","Methylomonaceae","treatment",5,1.93698985104167,0.387397970208334,1.82993875133256,0.127749016097523
"165","family","Microbacteriaceae","treatment",5,4.87889544854168,0.975779089708336,1.12719916286584,0.360919501382848
"166","family","Micrococcaceae","treatment",5,21.2706608270438,4.25413216540875,1.44960235507719,0.226749389782061
"167","family","Mitochondria","treatment",5,28.5851170835938,5.71702341671877,1.77803921149325,0.138290176772508
"168","family","Moraxellaceae","treatment",5,347.314154608786,69.4628309217571,1.42935276340845,0.233640118577037
"169","family","Muribaculaceae","treatment",5,186.659482954566,37.3318965909133,1.15191513670757,0.348657874919008
"170","family","Neisseriaceae","treatment",5,104.572345837942,20.9144691675883,1.75000430830182,0.144327091639091
"171","family","Oligosphaeraceae","treatment",5,14.037638224975,2.807527644995,0.171497314497571,0.971743848479982
"172","family","Other","treatment",5,0.345295147141666,0.0690590294283332,0.842259676646445,0.527524901899687
"173","family","p-251-o5","treatment",5,8.42231964866039,1.68446392973208,0.680231511085856,0.640865723084076
"174","family","p-2534-18B5 gut group","treatment",5,9.96513180215,1.99302636043,0.53420609078297,0.749129440958982
"175","family","Paenibacillaceae","treatment",5,148.869979755975,29.773995951195,2.3346477777948,0.0586501166518697
"176","family","Pasteurellaceae","treatment",5,835.766254206887,167.153250841377,0.630661599771165,0.677330896461814
"177","family","Peptococcaceae","treatment",5,6.33750488003541,1.26750097600708,0.357357471427659,0.87459504645619
"178","family","Peptostreptococcaceae","treatment",5,22.4996848681604,4.49993697363208,0.568456616035211,0.723619872376243
"179","family","Pirellulaceae","treatment",5,41.1238643413937,8.22477286827875,2.61832973910247,0.0378089434885025
"180","family","Planococcaceae","treatment",5,21705.4322468365,4341.0864493673,3.18936407221504,0.0157284153294415
"181","family","Prevotellaceae","treatment",5,99483.7117226073,19896.7423445215,0.898827114696779,0.490830985631272
"182","family","Propionibacteriaceae","treatment",5,57.5079954078356,11.5015990815671,1.12038939234515,0.364359057948915
"183","family","Pseudoalteromonadaceae","treatment",5,12.2040660717167,2.44081321434333,1.05967082304108,0.396206852702116
"184","family","Pseudomonadaceae","treatment",5,836.278590219987,167.255718043997,1.06483523046335,0.393415176793941
"185","family","Puniceicoccaceae","treatment",5,9.50098315376668,1.90019663075334,0.647787639285648,0.66467154492396
"186","family","RH-aaj90h05","treatment",5,6.750633533075,1.350126706615,0.915909810588603,0.480086886033245
"187","family","Rhizobiaceae","treatment",5,2.07158556104166,0.414317112208333,0.768438086149817,0.57780940701529
"188","family","Rikenellaceae","treatment",5,24608.1558385677,4921.63116771354,1.3154214592729,0.27605238373373
"189","family","Ruminococcaceae","treatment",5,105747.060307173,21149.4120614346,1.18402554377722,0.333243985635192
"190","family","Saccharimonadaceae","treatment",5,565.306696465966,113.061339293193,2.93304890878832,0.023279122513237
"191","family","Sphingomonadaceae","treatment",5,0.908427215910418,0.181685443182084,0.917402672195989,0.479155580508229
"192","family","Spirochaetaceae","treatment",5,3976.7939310878,795.358786217561,0.454117560066103,0.807894530305534
"193","family","SS1-B-06-26","treatment",5,1.28025251666667,0.256050503333333,0.800068244442443,0.555952010980514
"194","family","Staphylococcaceae","treatment",5,2.64972009204164,0.529944018408327,0.732966021640923,0.602826502113913
"195","family","Streptococcaceae","treatment",5,10913.9615996111,2182.79231992221,0.869779542595809,0.509463127875519
"196","family","Succinivibrionaceae","treatment",5,3652.98276038355,730.596552076709,0.721699113763449,0.610874587239904
"197","family","Synergistaceae","treatment",5,995.057779645585,199.011555929117,2.82618635986291,0.02743621448076
"198","family","Tannerellaceae","treatment",5,37.2293969661166,7.44587939322332,0.241880999390476,0.941551569130882
"199","family","Triticum aestivum (bread wheat)","treatment",5,2.66397904301667,0.532795808603334,0.573256130086814,0.720040856624034
"200","family","Trueperaceae","treatment",5,0.700261372510415,0.140052274502083,0.538655418626574,0.745821318875404
"201","family","uncultured","treatment",5,325.340451448723,65.0680902897446,0.48594604815786,0.786492534222995
"202","family","uncultured bacterium","treatment",5,301.305417352473,60.2610834704946,0.521992767679247,0.759526409336929
"203","family","uncultured Chloroflexi bacterium","treatment",5,0.813104554166667,0.162620910833333,0.822198562362019,0.54093338876738
"204","family","uncultured cyanobacterium","treatment",5,0.45680744259375,0.0913614885187499,1.0900022467328,0.38003172264915
"205","family","uncultured rumen bacterium","treatment",5,440.631212209292,88.1262424418584,0.374013865453008,0.866066097392573
"206","family","uncultured rumen bacterium 4C0d-2","treatment",5,2.42471808166667,0.484943616333334,0.916005037074026,0.480027443248934
"207","family","unidentified rumen bacterium RFN82","treatment",5,4.36286200444376,0.872572400888752,0.15770563703222,0.976475080065538
"208","family","vadinBE97","treatment",5,206.690103022467,41.3380206044933,1.08072670682298,0.384921712268528
"209","family","Veillonellaceae","treatment",5,3188.00283559224,637.600567118448,0.969206544598132,0.447610943325194
"210","family","Vibrionaceae","treatment",5,18.6986430897417,3.73972861794834,0.967886646899231,0.448395814593133
"211","family","Victivallaceae","treatment",5,159.206513836,31.8413027672,2.69182951533088,0.0337509722399543
"212","genus","[Acetivibrio] ethanolgignens group","treatment",5,2.47551283916667,0.495102567833334,1.13808362601373,0.355476861786851
"213","genus","[Anaerorhabdus] furcosa group","treatment",5,7.31334301099166,1.46266860219833,0.920785313940129,0.47704991891998
"214","genus","[Bacteroides] pectinophilus group","treatment",5,12.4471765569917,2.48943531139833,0.724829961802678,0.608633541969393
"215","genus","[Eubacterium] brachy group","treatment",5,9.76717377879999,1.95343475576,1.24256489565964,0.306617323521503
"216","genus","[Eubacterium] cellulosolvens group","treatment",5,12.215524445,2.443104889,1.63302968754684,0.172339201447136
"217","genus","[Eubacterium] coprostanoligenes group","treatment",5,619.603596271275,123.920719254255,0.749946985521646,0.590787446832246
"218","genus","[Eubacterium] eligens group","treatment",5,495.23020460856,99.0460409217121,1.07484378447493,0.388048906466847
"219","genus","[Eubacterium] hallii group","treatment",5,14.210339756225,2.84206795124499,1.12450997820109,0.36227461576403
"220","genus","[Eubacterium] nodatum group","treatment",5,237.360812456519,47.4721624913037,1.17298904394262,0.338476452835913
"221","genus","[Eubacterium] oxidoreducens group","treatment",5,47.641009482225,9.52820189644499,0.54631054226122,0.740124465661104
"222","genus","[Eubacterium] ruminantium group","treatment",5,201.011230905942,40.2022461811884,0.584291227032232,0.711812661227575
"223","genus","[Eubacterium] saphenum group","treatment",5,1.17793972956667,0.235587945913333,0.869028200534739,0.509951023833633
"224","genus","[Eubacterium] ventriosum group","treatment",5,34.5190077221,6.90380154442,0.65180339377153,0.661711523368973
"225","genus","[Eubacterium] xylanophilum group","treatment",5,146.458212712735,29.291642542547,0.843183223153487,0.526912463248796
"226","genus","[Ruminococcus] gauvreauii group","treatment",5,179.678833998625,35.935766799725,0.991099738290904,0.434737690315799
"227","genus","[Ruminococcus] gnavus group","treatment",5,0.697156113210417,0.139431222642083,0.929039244148108,0.471938592411821
"228","genus","[Ruminococcus] torques group","treatment",5,12.3838092316,2.47676184632,0.519673663259712,0.759914528661122
"229","genus","28-4","treatment",5,0.452426363016667,0.0904852726033334,0.485141582006015,0.78536153620906
"230","genus","Acetitomaculum","treatment",5,122.675913360194,24.5351826720387,1.86191684716737,0.121644791639119
"231","genus","Acidaminococcus","treatment",5,35.3860524839105,7.07721049678209,1.33597872219034,0.267926412399415
"232","genus","Acinetobacter","treatment",5,68.9548214569356,13.7909642913871,0.340574199665487,0.88536948579044
"233","genus","Actinobacillus","treatment",5,9.48427099972498,1.896854199945,0.365813861898408,0.869059365688582
"234","genus","Aerosphaera","treatment",5,2.63077842666665,0.526155685333331,0.882296968163113,0.501378651792389
"235","genus","Agathobacter","treatment",5,16.2679633105667,3.25359266211334,0.178709438902597,0.969106055424615
"236","genus","Aliivibrio","treatment",5,4.76751910286043,0.953503820572085,1.7179978543559,0.151527682497303
"237","genus","Alistipes","treatment",5,50.6961162021166,10.1392232404233,0.627386587831408,0.679757666635366
"238","genus","Alkalibacterium","treatment",5,0.709416710610416,0.141883342122083,0.603530935649633,0.697479668552614
"239","genus","Alkaliphilus","treatment",5,2.51020780408542,0.502041560817084,0.167470441742882,0.973168131027787
"240","genus","Alloprevotella","treatment",5,20.821213332025,4.164242666405,0.231869676242672,0.946418333071792
"241","genus","Allorhizobium-Neorhizobium-Pararhizobium-Rhizobium","treatment",5,2.07158556104166,0.414317112208333,0.768438086149817,0.57780940701529
"242","genus","Anaerobacillus","treatment",5,107.900126730001,21.5800253460002,1.7021076597656,0.155228698245116
"243","genus","Anaerocolumna","treatment",5,69.7353725499501,13.94707450999,0.348767191051142,0.880146236766744
"244","genus","Anaerofustis","treatment",5,0.536789164166667,0.107357832833333,0.770792583988102,0.576167184476382
"245","genus","Anaeroplasma","treatment",5,4.925358683525,0.985071736704999,1.3074709680277,0.279252925977454
"246","genus","Anaerosporobacter","treatment",5,17.1624486394604,3.43248972789208,0.915077386871449,0.480606719228662
"247","genus","Anaerostipes","treatment",5,7.27964340731874,1.45592868146375,0.202522526628847,0.959628240130426
"248","genus","Anaerotruncus","treatment",5,2.029192012025,0.405838402405001,1.05556750140339,0.398435961777418
"249","genus","Anaerovibrio","treatment",5,50.1214072842604,10.0242814568521,1.04160059325399,0.406096541268653
"250","genus","Anaerovorax","treatment",5,420.539270183067,84.1078540366134,1.71152223071832,0.153025663731098
"251","genus","Angelakisella","treatment",5,1.92521246626042,0.385042493252083,0.839634961701179,0.529267800589574
"252","genus","Asaccharospora","treatment",5,7.96107187676039,1.59221437535208,0.770122058228031,0.576634623065764
"253","genus","Asteroleplasma","treatment",5,21.9793856400604,4.39587712801208,0.406395985805079,0.84162435458759
"254","genus","Atopobium","treatment",5,106.454462610169,21.2908925220338,3.59110882591069,0.00856692560043132
"255","genus","Avibacterium","treatment",5,9.25313917734167,1.85062783546833,0.335047613303574,0.888851853004067
"256","genus","Bacillus","treatment",5,309.917344182675,61.9834688365351,0.855097747508083,0.519050424367169
"257","genus","Bacteroidales bacterium 55_9","treatment",5,17.1352114834416,3.42704229668833,0.990783646492089,0.434921595971155
"258","genus","Bacteroides","treatment",5,5273.56116864415,1054.71223372883,0.459846045365229,0.803763639453483
"259","genus","Basfia","treatment",5,25.4680530833667,5.09361061667335,0.343875344610229,0.883273500690242
"260","genus","Bhargavaea","treatment",5,3.52389017604167,0.704778035208335,3.87360089439294,0.00562170355046216
"261","genus","Bibersteinia","treatment",5,0.458466071375001,0.0916932142750002,0.582099479137008,0.713446695177034
"262","genus","Bifidobacterium","treatment",5,34.1975478533104,6.83950957066209,0.219196749229209,0.952321124521866
"263","genus","Blastopirellula","treatment",5,0.682656130041665,0.136531226008333,0.701579504237874,0.625357230266393
"264","genus","Blautia","treatment",5,21.5157295061,4.30314590122,2.48083480356969,0.0467696102147322
"265","genus","Brevibacterium","treatment",5,8.20794357604166,1.64158871520833,2.03604626866732,0.0930686863292855
"266","genus","Butyricicoccus","treatment",5,56.1767906079438,11.2353581215888,2.8955725527749,0.0246586728299026
"267","genus","Butyricimonas","treatment",5,81.0199962830187,16.2039992566037,0.642868563510836,0.668301956984728
"268","genus","Butyrivibrio 2","treatment",5,1279.05696158196,255.811392316392,2.38294423557331,0.0544236494716181
"269","genus","CAG-352","treatment",5,127.945849783619,25.5891699567238,0.215283117652554,0.954083943760992
"270","genus","Campylobacter","treatment",5,143.878187530994,28.7756375061988,2.65294261386411,0.0358399039321598
"271","genus","Candidatus Methanomethylophilus","treatment",5,51.9408044984687,10.3881608996937,0.374502419018821,0.863302093398398
"272","genus","Candidatus Saccharimonas","treatment",5,521.793363802024,104.358672760405,2.75643719497203,0.0305489140540109
"273","genus","Candidatus Soleaferrea","treatment",5,2.68390600751875,0.53678120150375,0.242100619135374,0.94144284649636
"274","genus","Carnobacterium","treatment",5,4.34306337249166,0.868612674498332,1.08732781163089,0.381436565930172
"275","genus","Caryophanon","treatment",5,107.543285163875,21.508657032775,1.71156512064946,0.153015695879582
"276","genus","Catabacter","treatment",5,8.73657344304168,1.74731468860834,1.34333065163633,0.265072158291876
"277","genus","Catenisphaera","treatment",5,25.9818905529687,5.19637811059374,0.999074271533391,0.43011704963803
"278","genus","Catonella","treatment",5,6.69758741703543,1.33951748340709,0.0787595596298813,0.995169369189284
"279","genus","Cellulosilyticum","treatment",5,38.3722174368751,7.67444348737501,0.375928433948935,0.862350697265986
"280","genus","Cetobacterium","treatment",5,33.5643796313917,6.71287592627834,0.789956873053317,0.562890468118942
"281","genus","Christensenellaceae R-7 group","treatment",5,15242.7215764756,3048.54431529513,2.10461369693175,0.0837217753942113
"282","genus","Citrobacter","treatment",5,1.7552794375,0.351055887499999,1.54512882831973,0.196687293482386
"283","genus","Cloacibacillus","treatment",5,27.3486798748855,5.46973597497709,1.12079421750212,0.364153842271364
"284","genus","Clostridioides","treatment",5,0.761630542041668,0.152326108408334,0.557602442729871,0.731712139330821
"285","genus","Clostridium sensu stricto 1","treatment",5,4204.27983518776,840.855967037552,0.72374310767357,0.609411107339846
"286","genus","Clostridium sensu stricto 11","treatment",5,20.2470714262854,4.04941428525708,1.84434360243518,0.124963502554563
"287","genus","Clostridium sensu stricto 13","treatment",5,36.669281030875,7.33385620617501,1.30927875988847,0.278522329218108
"288","genus","Clostridium sensu stricto 14","treatment",5,2.012604882075,0.402520976415,0.812824434032305,0.547266575659325
"289","genus","Clostridium sensu stricto 3","treatment",5,1.42387861934375,0.28477572386875,0.827048122656109,0.537673770796681
"290","genus","Clostridium sensu stricto 4","treatment",5,2.1817673704,0.43635347408,1.10680861944867,0.37129794117477
"291","genus","Clostridium sensu stricto 5","treatment",5,12.2611249772667,2.45222499545334,2.13927489274958,0.0793554995131539
"292","genus","Clostridium sensu stricto 8","treatment",5,8.36291729176039,1.67258345835208,1.87094315204456,0.119973516269001
"293","genus","Comamonas","treatment",5,52.4630328405167,10.4926065681033,1.07623051873155,0.387309955273979
"294","genus","Coprococcus 1","treatment",5,15.3625323091667,3.07250646183333,1.34874127048041,0.262988872338714
"295","genus","Coprococcus 2","treatment",5,30.8410875347416,6.16821750694832,0.458634833627885,0.804638295282658
"296","genus","Coprococcus 3","treatment",5,4.93795603596875,0.987591207193749,0.564106383588963,0.726863592893421
"297","genus","Coriobacteriaceae UCG-003","treatment",5,11.2422716614667,2.24845433229333,0.883538543095935,0.500581314528253
"298","genus","Corynebacterium","treatment",5,1.16746865939375,0.233493731878751,0.147727193033512,0.979635866663195
"299","genus","Corynebacterium 1","treatment",5,1.60707346301874,0.321414692603749,0.0710698854256486,0.996206863337926
"300","genus","Cutibacterium","treatment",5,20.9660427970417,4.19320855940835,1.39923539225375,0.244240806639764
"301","genus","Defluviitaleaceae UCG-011","treatment",5,29.1737641559604,5.83475283119208,0.970422659299714,0.446888666382843
"302","genus","Denitrobacterium","treatment",5,1.58943085654375,0.31788617130875,1.3131921689483,0.276946530430536
"303","genus","Desulfobulbus","treatment",5,10.4473990338854,2.08947980677708,0.747978032439542,0.59217759632187
"304","genus","Desulfovibrio","treatment",5,212.466717199967,42.4933434399933,1.02062382662659,0.41781425895307
"305","genus","Dialister","treatment",5,86.4923260125855,17.2984652025171,1.68619023647294,0.159022239295105
"306","genus","DNF00809","treatment",5,101.526157851285,20.3052315702571,1.98718084796894,0.100348347506762
"307","genus","Dorea","treatment",5,3.07295759898542,0.614591519797083,0.803042308641214,0.553920188480667
"308","genus","Elusimicrobium","treatment",5,21.4690722936354,4.29381445872708,0.565188529391356,0.726056737355725
"309","genus","Enterobacter","treatment",5,5.39769148366666,1.07953829673333,1.22171392177179,0.315885874227991
"310","genus","Enterococcus","treatment",5,28.237010036975,5.647402007395,0.604149705821359,0.697019163748162
"311","genus","Enterorhabdus","treatment",5,5.69521369851667,1.13904273970333,2.08761132873159,0.085949431469681
"312","genus","Epulopiscium","treatment",5,3.46729998243542,0.693459996487085,0.84277805991093,0.527181089224743
"313","genus","Ercella","treatment",5,2.39338583916667,0.478677167833334,0.806783746524628,0.551369993025904
"314","genus","Erysipelothrix","treatment",5,2.86698782536043,0.573397565072085,1.70918742372835,0.153569220285718
"315","genus","Erysipelotrichaceae UCG-002","treatment",5,222.898583597466,44.5797167194933,0.381811580572008,0.858406971127685
"316","genus","Erysipelotrichaceae UCG-004","treatment",5,119.593178184642,23.9186356369283,0.62280037870057,0.683158844965864
"317","genus","Erysipelotrichaceae UCG-006","treatment",5,8.80270812749998,1.7605416255,1.75713559198584,0.142767942404993
"318","genus","Erysipelotrichaceae UCG-007","treatment",5,65.4794963889418,13.0958992777884,0.356888948147466,0.874899722656756
"319","genus","Erysipelotrichaceae UCG-008","treatment",5,1.67961562909375,0.33592312581875,0.576137357371881,0.717892310486105
"320","genus","Erysipelotrichaceae UCG-009","treatment",5,21.1013600798167,4.22027201596334,1.53781513784504,0.19885163020469
"321","genus","Escherichia coli","treatment",5,1.28025251666667,0.256050503333333,0.800068244442443,0.555952010980514
"322","genus","Escherichia-Shigella","treatment",5,8778.26479385605,1755.65295877121,0.818523312050014,0.543411338272463
"323","genus","Eubacterium","treatment",5,1.61781316026042,0.323562632052083,0.81391494851875,0.546527645696276
"324","genus","Exiguobacterium","treatment",5,11.0992221352604,2.21984442705208,0.61625261617063,0.688019968946191
"325","genus","Faecalibacterium","treatment",5,6.44971842884166,1.28994368576833,0.394509656198053,0.849796973846566
"326","genus","Family XIII AD3011 group","treatment",5,104.25819231646,20.8516384632921,1.0594919502428,0.39630382111745
"327","genus","Family XIII UCG-001","treatment",5,28.5968942191353,5.71937884382706,1.67175913797077,0.162537540437276
"328","genus","Fastidiosipila","treatment",5,3.53554262405,0.707108524810001,0.631514302320986,0.676699335534382
"329","genus","FD2005","treatment",5,103.699196815017,20.7398393630033,1.29978522018201,0.282377853686464
"330","genus","Fermentimonas","treatment",5,18.7314114704104,3.74628229408208,0.879629937161649,0.503094197917364
"331","genus","Fibrobacter","treatment",5,723.981208006267,144.796241601253,0.778557048780219,0.570768570294313
"332","genus","Flexilinea","treatment",5,3.376443263075,0.675288652615,0.0855336272941724,0.994140790076978
"333","genus","Fontibacillus","treatment",5,1.95817679739375,0.39163535947875,1.25607806388152,0.300736047654898
"334","genus","Frederiksenia","treatment",5,0.810334620416669,0.162066924083334,1.02648940879851,0.414512049523865
"335","genus","Fretibacterium","treatment",5,116.048955889917,23.2097911779833,0.657271220179138,0.657686836845137
"336","genus","Fusobacterium","treatment",5,1105.98285477662,221.196570955324,0.40279756114357,0.844109468095929
"337","genus","Gallibacterium","treatment",5,104.938545296875,20.987709059375,0.336034181787144,0.888232683558237
"338","genus","GCA-900066225","treatment",5,24.0212054258667,4.80424108517334,0.360344565272089,0.872647510486734
"339","genus","GCA-900066575","treatment",5,1.16515690356875,0.23303138071375,0.295153816933309,0.912909264301714
"340","genus","Geosporobacter","treatment",5,0.411981071660416,0.0823962143320833,0.376915114308518,0.861691368380846
"341","genus","Globicatella","treatment",5,11.7083452121416,2.34166904242833,0.183609820677559,0.967250987941477
"342","genus","Glutamicibacter","treatment",5,4.12393388448542,0.824786776897085,0.877902518496912,0.504207368457699
"343","genus","Guggenheimella","treatment",5,6.61836718261874,1.32367343652375,0.679090881676648,0.641698102218509
"344","genus","gut metagenome","treatment",5,1.47346427781042,0.294692855562083,0.32016177554934,0.898058435013527
"345","genus","Haemophilus","treatment",5,6.21339672384166,1.24267934476833,0.614808109434659,0.689093150396589
"346","genus","Halomonas","treatment",5,0.956546005874996,0.191309201174999,1.57674564857936,0.187580936576688
"347","genus","Helcococcus","treatment",5,0.914743656766665,0.182948731353333,1.2109395138154,0.320768218710121
"348","genus","Herbinix","treatment",5,1.38483399376666,0.276966798753333,0.0724658855141686,0.996028721282631
"349","genus","horsej-a03","treatment",5,1.51084089954375,0.30216817990875,0.310023889729932,0.904175847438653
"350","genus","Howardella","treatment",5,3.29316813129165,0.658633626258331,0.132335665863365,0.984068299825079
"351","genus","Intestinimonas","treatment",5,1.86358594761042,0.372717189522084,1.09920080270276,0.3752313470865
"352","genus","Kandleria","treatment",5,19.2660147991417,3.85320295982833,1.47617545211099,0.21798838063912
"353","genus","Klebsiella","treatment",5,2.40320007434375,0.48064001486875,0.721281330904156,0.611173899597805
"354","genus","Kocuria","treatment",5,8.32454957104167,1.66490991420833,1.59042340825378,0.18376479769615
"355","genus","Kosakonia","treatment",5,1.147309705,0.229461941,0.804561948509999,0.552883596103951
"356","genus","Kurthia","treatment",5,15.4713609184354,3.09427218368709,0.584126810614971,0.711935234489496
"357","genus","Lachnoclostridium","treatment",5,86.5225067525937,17.3045013505187,0.752359113592734,0.589086519940527
"358","genus","Lachnoclostridium 1","treatment",5,78.8813735500166,15.7762747100033,1.06345817299571,0.394158049700604
"359","genus","Lachnoclostridium 10","treatment",5,25.3325287731604,5.06650575463208,0.393651126724836,0.850383154921061
"360","genus","Lachnoclostridium 5","treatment",5,4.18371340418541,0.836742680837082,0.788927819455342,0.563599226133886
"361","genus","Lachnospira","treatment",5,203.469148915475,40.693829783095,0.594539176108515,0.704175234365583
"362","genus","Lachnospiraceae AC2044 group","treatment",5,9.10087874515,1.82017574903,0.30766365935969,0.905581456116201
"363","genus","Lachnospiraceae FCS020 group","treatment",5,132.407157591725,26.4814315183449,1.02682898760972,0.414321483189869
"364","genus","Lachnospiraceae FE2018 group","treatment",5,4.00691558106666,0.801383116213332,1.04060768149207,0.406645438431375
"365","genus","Lachnospiraceae NC2004 group","treatment",5,25.5611716436854,5.11223432873708,0.709024619400851,0.619982102401547
"366","genus","Lachnospiraceae ND3007 group","treatment",5,4.1180460323604,0.823609206472081,0.791875843998406,0.561570064853638
"367","genus","Lachnospiraceae NK3A20 group","treatment",5,2054.0137357012,410.802747140241,1.19532220834013,0.327958584793492
"368","genus","Lachnospiraceae NK4A136 group","treatment",5,161.959278706967,32.3918557413933,0.745019875185598,0.594269055674694
"369","genus","Lachnospiraceae UCG-001","treatment",5,53.2422824319604,10.6484564863921,0.743900891431144,0.595061093216097
"370","genus","Lachnospiraceae UCG-002","treatment",5,11.040119313375,2.208023862675,0.629196756423381,0.678416124837011
"371","genus","Lachnospiraceae UCG-004","treatment",5,21.9310688475354,4.38621376950708,0.118110697398766,0.987676827909761
"372","genus","Lachnospiraceae UCG-006","treatment",5,21.4269302861167,4.28538605722333,0.407690372201231,0.840728183213367
"373","genus","Lachnospiraceae UCG-008","treatment",5,166.474311639125,33.294862327825,1.15396673273525,0.347655672630581
"374","genus","Lachnospiraceae UCG-009","treatment",5,19.4895585228,3.89791170456,2.14848424801201,0.0782337457328593
"375","genus","Lachnospiraceae UCG-010","treatment",5,23.4275020234604,4.68550040469208,2.4400539747312,0.04981753108151
"376","genus","Lachnospiraceae XPB1014 group","treatment",5,43.9840704886,8.79681409772001,0.515727838675868,0.762836567988735
"377","genus","Lachnotalea","treatment",5,11.1414417187417,2.22828834374833,0.705908143296016,0.622229881396307
"378","genus","Lactobacillus","treatment",5,78.4211545436189,15.6842309087238,0.662695708308724,0.653700836873549
"379","genus","Lactococcus","treatment",5,11.9796353992417,2.39592707984833,0.928368273831373,0.472352680849028
"380","genus","Lactonifactor","treatment",5,0.376138203891666,0.0752276407783333,0.573007950909977,0.720225926862058
"381","genus","Leucobacter","treatment",5,0.769574686875,0.153914937375,0.873343975314846,0.507152558684607
"382","genus","Lysinibacillus","treatment",5,8542.60304469538,1708.52060893908,3.5723664899341,0.00881134683896524
"383","genus","Mailhella","treatment",5,26.3484464569668,5.26968929139335,0.444748735886874,0.814617073640962
"384","genus","Marinilactibacillus","treatment",5,7.84277272464166,1.56855454492833,2.78086600443114,0.0294199290805705
"385","genus","Marvinbryantia","treatment",5,29.4287218238604,5.88574436477209,1.04904644321071,0.401998566652015
"386","genus","Megasphaera","treatment",5,183.401785995335,36.680357199067,0.872592751477887,0.507638966352285
"387","genus","Mesonia","treatment",5,3.36487988713542,0.672975977427083,1.01813426152861,0.419221855472799
"388","genus","metagenome","treatment",5,1.74018291916666,0.348036583833332,0.0308145753911844,0.999491687680386
"389","genus","Methanobrevibacter","treatment",5,1989.50004003594,397.900008007188,1.69105890514229,0.157852647936391
"390","genus","Methanomicrobium","treatment",5,0.758382982191668,0.151676596438334,1.05637858888747,0.397994568982675
"391","genus","Methanosphaera","treatment",5,350.178536541367,70.0357073082734,1.73000635552443,0.148786755111538
"392","genus","Methylomicrobium","treatment",5,1.93698985104167,0.387397970208334,1.82993875133256,0.127749016097523
"393","genus","Mitsuokella","treatment",5,151.897152418869,30.3794304837737,0.580575108098632,0.714583258735212
"394","genus","Mogibacterium","treatment",5,74.4632526648355,14.8926505329671,1.88404963750892,0.117586345827031
"395","genus","Moraxella","treatment",5,0.279758423760417,0.0559516847520834,0.651904511689127,0.661637033705089
"396","genus","Moryella","treatment",5,80.3905821729416,16.0781164345883,1.12641803255985,0.361312696822596
"397","genus","Negativibacillus","treatment",5,0.746157187260417,0.149231437452083,0.174679951695819,0.970593485250068
"398","genus","Nicoletella","treatment",5,2.07602517280001,0.415205034560001,0.880380534055036,0.502610998915705
"399","genus","Okibacterium","treatment",5,3.48859182416665,0.697718364833331,0.921965776538805,0.476316585126464
"400","genus","Olsenella","treatment",5,530.04797856151,106.009595712302,1.55612409807941,0.193474670803855
"401","genus","Oribacterium","treatment",5,672.146856266492,134.429371253298,1.8994410349768,0.114841846716863
"402","genus","Ornithinicoccus","treatment",5,1.60995561937499,0.321991123874998,0.761874837197813,0.582399590965198
"403","genus","Oscillibacter","treatment",5,23.137682239375,4.627536447875,1.77994342055707,0.137889043575251
"404","genus","Oscillospira","treatment",5,28.5833531861604,5.71667063723209,0.990827278873914,0.43489620675644
"405","genus","Other","treatment",5,322.511189321722,64.5022378643444,0.721150254316544,0.607599107928685
"406","genus","p-1088-a5 gut group","treatment",5,38.4234645624105,7.68469291248209,2.64223322431091,0.0364378120385603
"407","genus","Paenibacillus","treatment",5,119.159524976844,23.8319049953687,2.21723453050776,0.070341352571502
"408","genus","Paeniglutamicibacter","treatment",5,4.40020610094167,0.880041220188333,1.28759933660196,0.287395311989098
"409","genus","Pantoea","treatment",5,4.15814292104166,0.831628584208332,3.29532363143201,0.013387685157637
"410","genus","Papillibacter","treatment",5,58.5192321661605,11.7038464332321,0.351945501974754,0.878101066992355
"411","genus","Parabacteroides","treatment",5,26.2469767765187,5.24939535530375,0.229020867612854,0.947770739745271
"412","genus","Paraburkholderia tropica","treatment",5,0.637052851875,0.127410570375,0.592049691695829,0.706030033495715
"413","genus","Paraprevotella","treatment",5,3.58176569361042,0.716353138722083,0.662774370519656,0.653643086142354
"414","genus","Parasutterella","treatment",5,31.9858847057853,6.39717694115707,0.0866725979765936,0.993957233244048
"415","genus","Pasteurella","treatment",5,0.2038561705,0.0407712341,0.849564311429101,0.522692751615082
"416","genus","Peptostreptococcus","treatment",5,0.598475782135415,0.119695156427083,0.574883752232568,0.718827123753403
"417","genus","Petrimonas","treatment",5,3.62709524854168,0.725419049708336,0.360913088629246,0.872275860245335
"418","genus","Phascolarctobacterium","treatment",5,123.004315226285,24.6008630452571,0.310038269907241,0.904167261582248
"419","genus","Phycicoccus","treatment",5,0.472112751510417,0.0944225503020834,0.249239197391731,0.937864075270615
"420","genus","Planomicrobium","treatment",5,5.48462704166668,1.09692540833334,1.7520400357404,0.143880354473576
"421","genus","possible genus Sk018","treatment",5,1.88590010376042,0.377180020752083,1.06361571349252,0.394073006646435
"422","genus","Prevotella","treatment",5,0.438818532610417,0.0877637065220835,0.679452686347288,0.641434034554875
"423","genus","Prevotella 1","treatment",5,27412.721266182,5482.54425323639,0.696099204125358,0.629325238951901
"424","genus","Prevotella 6","treatment",5,0.605575061110417,0.121115012222083,0.746628488023118,0.59313131370715
"425","genus","Prevotella 7","treatment",5,2038.70378411253,407.740756822507,0.424672495321611,0.828866142574316
"426","genus","Prevotella 9","treatment",5,5039.38099905198,1007.8761998104,0.24157162965841,0.941704581432344
"427","genus","Prevotellaceae NK3B31 group","treatment",5,3.07594971166667,0.615189942333334,1.73345629051777,0.148008108223625
"428","genus","Prevotellaceae UCG-001","treatment",5,1164.38825461809,232.877650923617,1.13805235862904,0.355492399916208
"429","genus","Prevotellaceae UCG-003","treatment",5,132.377942761117,26.4755885522233,0.639426981996784,0.67084477519575
"430","genus","Prevotellaceae UCG-004","treatment",5,245.085741785985,49.017148357197,1.44354557805484,0.228790784886396
"431","genus","Prevotellaceae YAB2003 group","treatment",5,30.0648799056417,6.01297598112833,0.628735586797648,0.678757854435824
"432","genus","probable genus 10","treatment",5,8.2751566758854,1.65503133517708,0.924731855962278,0.474601256187506
"433","genus","Propionibacterium","treatment",5,17.1241129843938,3.42482259687876,1.99531250677696,0.0990993718307079
"434","genus","Propioniciclava","treatment",5,4.67925543271042,0.935851086542085,1.03645228836576,0.408948803630826
"435","genus","Proteiniclasticum","treatment",5,18.1321818629,3.62643637258,0.335085620351023,0.888828019973986
"436","genus","Proteiniphilum","treatment",5,7.3987925855104,1.47975851710208,1.66080502042031,0.165254948202597
"437","genus","Pseudoalteromonas","treatment",5,12.2040660717167,2.44081321434333,1.05967082304108,0.396206852702116
"438","genus","Pseudobutyrivibrio","treatment",5,43.3672971040937,8.67345942081874,0.088201676139132,0.993705987201718
"439","genus","Pseudomonas","treatment",5,836.278590219987,167.255718043997,1.06483523046335,0.393415176793941
"440","genus","Pseudoramibacter","treatment",5,10.6247725119666,2.12495450239333,0.740077638363344,0.597770953431159
"441","genus","Pseudoscardovia","treatment",5,0.407405835641666,0.0814811671283332,0.517822448891559,0.761285802378212
"442","genus","Psychrobacter","treatment",5,141.150138315086,28.2300276630171,2.80802209796378,0.0282144544515469
"443","genus","Pyramidobacter","treatment",5,284.67820494791,56.935640989582,1.78484863548222,0.136860873071755
"444","genus","Raoultibacter","treatment",5,0.67643658568542,0.135287317137084,0.27819010509844,0.922500128346677
"445","genus","Rikenellaceae RC9 gut group","treatment",5,18437.8579699092,3687.57159398185,1.26119417670757,0.298534926338782
"446","genus","Robinsoniella","treatment",5,2.68140874003541,0.536281748007083,0.673194571043905,0.64600663870492
"447","genus","Romboutsia","treatment",5,3.76524067205,0.753048134410001,1.60529843543154,0.179697267829145
"448","genus","Roseburia","treatment",5,460.302209035525,92.0604418071049,0.615163667776597,0.688828967634551
"449","genus","rumen bacterium YS3","treatment",5,9.18323864884374,1.83664772976875,0.537672257164283,0.746552518247921
"450","genus","Ruminiclostridium","treatment",5,8.78350403403542,1.75670080680708,1.47601181245945,0.218041369163846
"451","genus","Ruminiclostridium 1","treatment",5,1.122961709275,0.224592341855,0.661010816699902,0.654938176370153
"452","genus","Ruminiclostridium 5","treatment",5,43.3042833599917,8.66085667199834,0.320919732468623,0.897595975615385
"453","genus","Ruminiclostridium 6","treatment",5,21.905151454425,4.381030290885,0.461745143602463,0.802390940808724
"454","genus","Ruminiclostridium 9","treatment",5,17.9339583487604,3.58679166975208,1.26467249799516,0.297046408636396
"455","genus","Ruminobacter","treatment",5,36.5000797383438,7.30001594766875,0.517375919247673,0.761616467550946
"456","genus","Ruminococcaceae NK4A214 group","treatment",5,875.820892660143,175.164178532029,0.495857666211043,0.777498472402163
"457","genus","Ruminococcaceae UCG-001","treatment",5,11.5076149631688,2.30152299263375,0.299631801796237,0.910310269814904
"458","genus","Ruminococcaceae UCG-002","treatment",5,236.584390838417,47.3168781676833,1.26723017791393,0.295955977605286
"459","genus","Ruminococcaceae UCG-003","treatment",5,8.05331616257502,1.610663232515,0.142996061304853,0.981056046663687
"460","genus","Ruminococcaceae UCG-004","treatment",5,109.899812266567,21.9799624533133,1.31833045719344,0.27488943925504
"461","genus","Ruminococcaceae UCG-005","treatment",5,792.449692059267,158.489938411853,0.999738924407621,0.429733587461208
"462","genus","Ruminococcaceae UCG-007","treatment",5,3.90648720166042,0.781297440332084,0.408998112034625,0.839821574684072
"463","genus","Ruminococcaceae UCG-008","treatment",5,3.50924277726042,0.701848555452085,0.805851032847802,0.552005122526639
"464","genus","Ruminococcaceae UCG-009","treatment",5,241.874813545593,48.3749627091187,1.56285432334438,0.191532407948844
"465","genus","Ruminococcaceae UCG-010","treatment",5,4087.66005088271,817.532010176542,0.609162939552122,0.693289578571722
"466","genus","Ruminococcaceae UCG-011","treatment",5,25.5996038890688,5.11992077781375,0.888366275196449,0.497488803268974
"467","genus","Ruminococcaceae UCG-013","treatment",5,31.1694372883355,6.2338874576671,0.204196520868299,0.958918948385953
"468","genus","Ruminococcaceae UCG-014","treatment",5,1999.66558398873,399.933116797745,0.761716369268532,0.582510643787206
"469","genus","Ruminococcaceae V9D2013 group","treatment",5,2.42488981154167,0.484977962308334,1.18885502426065,0.330975709832702
"470","genus","Ruminococcus 1","treatment",5,687.644530032986,137.528906006597,0.187633339903955,0.965690418405573
"471","genus","Ruminococcus 2","treatment",5,776.591312037025,155.318262407405,2.01263817346264,0.0964888293631421
"472","genus","Rummeliibacillus","treatment",5,0.944544631510417,0.188908926302083,0.371584634020508,0.865243131803373
"473","genus","Saccharofermentans","treatment",5,171.069940710917,34.2139881421833,0.223505269583184,0.950347338165538
"474","genus","Sarcina","treatment",5,0.928396413010416,0.185679282602083,1.08264534118171,0.383906147205844
"475","genus","Schwartzia","treatment",5,0.548846519810417,0.109769303962083,0.252160436609885,0.93637482886377
"476","genus","Sediminibacillus","treatment",5,10.5109022593751,2.10218045187502,1.5793694513939,0.186843186716942
"477","genus","Sediminispirochaeta","treatment",5,1.457093246525,0.291418649305,0.33766030299363,0.887209767297598
"478","genus","Selenomonas","treatment",5,2.007641573475,0.401528314695,1.35870552734108,0.259190380563925
"479","genus","Selenomonas 3","treatment",5,6.62769420666667,1.32553884133333,0.882074857826522,0.501521377552824
"480","genus","Sharpea","treatment",5,34.8186274959999,6.96372549919998,0.593491764403219,0.704955564283542
"481","genus","Shuttleworthia","treatment",5,249.39717974176,49.8794359483521,0.284888942434316,0.918762036258393
"482","genus","Solanum melongena (eggplant)","treatment",5,7.74992190104168,1.54998438020834,2.29467991396939,0.0623945691635929
"483","genus","Solibacillus","treatment",5,957.973737601451,191.59474752029,2.00478733976562,0.0976632926387572
"484","genus","Solobacterium","treatment",5,15.6489371716667,3.12978743433333,1.10698270580202,0.371208324412547
"485","genus","SP3-e08","treatment",5,7.36701798573543,1.47340359714709,0.868328806309988,0.510405453320684
"486","genus","Sphaerochaeta","treatment",5,89.3507756290685,17.8701551258137,0.342051175392656,0.884433164699624
"487","genus","Sphingomonas","treatment",5,0.908427215910418,0.181685443182084,0.917402672195989,0.479155580508229
"488","genus","Sporosarcina","treatment",5,2.26911103537499,0.453822207074999,0.992956704570486,0.433658447930687
"489","genus","Staphylococcus","treatment",5,2.64972009204164,0.529944018408327,0.732966021640923,0.602826502113913
"490","genus","Streptococcus","treatment",5,10371.496405509,2074.29928110179,0.876399775469099,0.505177045391248
"491","genus","Subdoligranulum","treatment",5,5.58875470071668,1.11775094014334,0.638228112633625,0.671731088885081
"492","genus","Succiniclasticum","treatment",5,1535.52958909861,307.105917819723,2.15241951754368,0.0777592040617633
"493","genus","Succinivibrio","treatment",5,595.26076077811,119.052152155622,1.05063169442138,0.401130240088293
"494","genus","Succinivibrionaceae UCG-001","treatment",5,638.652581688812,127.730516337762,0.277032184667341,0.923139574559272
"495","genus","Sutterella","treatment",5,40.0405052300187,8.00810104600375,1.37517591789968,0.253018994472149
"496","genus","Synergistes","treatment",5,18.2843253163667,3.65686506327334,2.77779118213413,0.0295596738032731
"497","genus","Syntrophococcus","treatment",5,523.171882106049,104.63437642121,0.874094383974246,0.506666976646454
"498","genus","Tannerella","treatment",5,6.67149960006042,1.33429992001208,1.01555389597761,0.420684574581367
"499","genus","Tectona grandis","treatment",5,8.77091783437502,1.754183566875,2.32686764357309,0.0593609957946095
"500","genus","Terrisporobacter","treatment",5,1.25177604126042,0.250355208252083,0.529660369560569,0.752506531602072
"501","genus","Tessaracoccus","treatment",5,3.10992701501042,0.621985403002084,1.11657330741744,0.366298138018061
"502","genus","Thiobacillus","treatment",5,2.68108187156666,0.536216374313333,0.410725940029549,0.838621917394592
"503","genus","Treponema 2","treatment",5,3035.34299720445,607.068599440889,0.501931944124914,0.773026683736374
"504","genus","Truepera","treatment",5,0.700261372510415,0.140052274502083,0.538655418626574,0.745821318875404
"505","genus","Turicibacter","treatment",5,12.6699070265166,2.53398140530333,0.769494196792224,0.577072494169917
"506","genus","Tyzzerella","treatment",5,21.28923148465,4.25784629693,0.785995668535781,0.565621358418985
"507","genus","Tyzzerella 3","treatment",5,1.76170702816666,0.352341405633333,1.33082742825543,0.269942516544053
"508","genus","U29-B03","treatment",5,283.435211204991,56.6870422409983,0.654181914374806,0.659959952623141
"509","genus","UBA1819","treatment",5,4.14343374106666,0.828686748213331,0.132720247903043,0.983964188399368
"510","genus","uncultured","treatment",5,651.331796383277,130.266359276655,0.563522756152357,0.728036187479948
"511","genus","uncultured bacterium","treatment",5,622.499228023647,124.499845604729,0.745022059581511,0.589864983498814
"512","genus","uncultured Coriobacteriaceae bacterium","treatment",5,0.610626081191668,0.122125216238334,0.393730351701812,0.850329086138568
"513","genus","uncultured Firmicutes bacterium","treatment",5,0.798481372643749,0.15969627452875,0.590041542238859,0.707526483138251
"514","genus","uncultured organism","treatment",5,1.08767219854166,0.217534439708333,0.155656268762312,0.977142412694804
"515","genus","uncultured rumen bacterium","treatment",5,191.342834597961,38.2685669195922,0.382610053577547,0.860772565443172
"516","genus","unidentified rumen bacterium RFN4","treatment",5,7.97954162416667,1.59590832483333,0.263160391469543,0.930641636120943
"517","genus","unidentified rumen bacterium RFN41","treatment",5,0.936962730666661,0.187392546133332,0.911438335150669,0.482883727024865
"518","genus","Ureibacillus","treatment",5,35.0222692980939,7.00445385961878,1.92058365395591,0.111173137438019
"519","genus","Vagococcus","treatment",5,0.593868966041666,0.118773793208333,0.6074143846442,0.694590120401322
"520","genus","Veillonella","treatment",5,4.03592203904166,0.807184407808333,1.69931396919664,0.155888218790113
"521","genus","Vibrio","treatment",5,7.76736240151876,1.55347248030375,0.426940717958561,0.827267874477985
"522","genus","Victivallis","treatment",5,66.7349523302418,13.3469904660484,1.41395604983044,0.239006233490427
"523","genus","Viridibacillus","treatment",5,17.9929445832605,3.59858891665209,1.30456270828965,0.280431797965279
"524","genus","W5053","treatment",5,0.764139731760418,0.152827946352084,0.753566087806389,0.58823629669746
"525","genus","Winogradskyella","treatment",5,0.484587612299999,0.0969175224599998,0.279994561386957,0.921499677247658
"526","genus","XBB1006","treatment",5,31.4507136984667,6.29014273969334,0.830547501883494,0.53532885310357
"527","genus","Z20","treatment",5,13.2531078890937,2.65062157781875,0.247093359433515,0.938948925666119
